nicole_base_a_00001	Tailor's bunion was easily diagnosed because the protrusion was visually apparent.
nicole_base_a_00003	Natalie's ex-boyfriend and Vickie's ex daughter-in-law are dating.
nicole_base_a_00009	one unsolved mystery is what mechanism recharges the methane cycle.
nicole_base_a_00013	excellence is a habit.
nicole_base_a_00014	Julie slumped on a modular sofa and fingered the glass tabletop, which had a bifurcated wooden base, suitable for storing magazines.
nicole_base_a_00015	do vegans eat honey?
nicole_base_a_00025	we frantically emerged from the burning wreckage.
nicole_base_a_00027	are you in need of immediate assistance?
nicole_base_a_00030	she likes treasure hunts.
nicole_base_a_00041	you really believe it was sabotage?
nicole_base_a_00047	then again, most celebrity memoirs are read either for juicy revelations or for impregnable egos.
nicole_base_a_00050	watch election night at McCormick's place.
nicole_base_a_00058	hypersensitivity or allergy to vaccine components is rare.
nicole_base_a_00068	Agent Dunn assured me of that.
nicole_base_a_00074	when they arrive, Shavoo tries the cocaine that Guch and Brody offer him.
nicole_base_a_00081	I'll grab the spark plugs.
nicole_base_a_00087	Robotnik laughed, the glint of triumph in his eyes.
nicole_base_a_00091	Rosen left the party?
nicole_base_a_00112	the military hospital phoned Belle.
nicole_base_a_00121	go wash up.
nicole_base_a_00125	I'm surprised she hasn't struck me with lightning for my raging libido.
nicole_base_a_00131	Willard's got a mean streak that pops up quite unexpectedly.
nicole_base_a_00138	play Wonderful Tonight by Eric Clapton.
nicole_base_a_00150	the college educated mayor of Medellin agrees.
nicole_base_a_00163	Sergei Safronov's ready to perform an acrobatic attack.
nicole_base_a_00170	presentations require a frequent adjustment of mood and concentration.
nicole_base_a_00187	the temps in San Francisco are in the mid eighties.
nicole_base_a_00199	maybe only servers and supercomputers will continue to use ultra expensive CPUs with SOCs.
nicole_base_a_00213	Gray Man will sometimes send hordes of low level Akuma after the heroes.
nicole_base_a_00218	the real woe is business people hoping to emulate Yahoo.
nicole_base_a_00221	he queried between tosses.
nicole_base_a_00240	turn WiFi on.
nicole_base_a_00247	Joe gradually began to squirm.
nicole_base_a_00316	Newton's philosophical principles are framed by two fundamental coordinates.
nicole_base_a_00326	search NFL regular season games schedule.
nicole_base_a_00335	I believe you should obey god's commands, namely "be fruitful and multiply".
nicole_base_a_00355	today in Wichita Falls, sunset is at five oh seven PM.
nicole_base_a_00380	it'll be between sixty eight and seventy six until two PM, with overcast skies continuing until ten AM, and changing to cloudy from ten AM to two PM.
nicole_base_a_00404	comedy this week?
nicole_base_a_00422	Randall gritted his teeth and braced himself.
nicole_base_a_00425	what a timely post.
nicole_base_a_00433	warming a seat serves no purpose.
